,City,Country,Temp,Latitude,Longitude,Max Temperature,Humidity,Cloudiness,Wind Speed
0,chokurdakh,RU,25.83,70.63,147.92,25.83,46,73,1.53
1,butaritari,KI,28.52,3.07,172.79,28.52,75,26,6.7
2,anloga,GH,24.0,5.79,0.9,24.0,88,20,4.6
3,ponta do sol,PT,20.17,32.67,-17.1,22.0,68,20,6.2
4,bredasdorp,ZA,13.0,-34.53,20.04,13.0,93,0,1.0
5,faanui,PF,25.06,-16.48,-151.75,25.06,80,48,8.62
6,kapaa,US,25.36,22.08,-159.32,26.67,83,75,3.6
7,geraldton,AU,17.0,-28.77,114.6,17.0,88,75,6.2
8,bani walid,LY,22.31,31.76,13.99,22.31,71,0,4.59
9,chuy,UY,18.25,-33.7,-53.46,18.25,97,100,3.3
10,port alfred,ZA,17.36,-33.59,26.89,17.36,79,0,4.11
11,severnyy,RU,15.0,50.68,36.55,15.0,67,0,4.0
12,catumbela,AO,20.39,-12.43,13.55,20.39,85,0,0.36
13,khatanga,RU,8.68,71.97,102.5,8.68,78,100,5.92
14,zhigansk,RU,14.33,66.77,123.37,14.33,72,52,7.93
15,mattru,SL,23.69,7.62,-11.83,23.69,96,100,1.61
16,adrar,MR,40.19,20.5,-10.07,40.19,9,53,4.0
17,punta arenas,CL,-2.11,-53.15,-70.92,-2.0,100,20,2.6
18,yatou,CN,20.94,37.15,122.38,20.94,96,100,9.15
19,georgetown,MY,25.36,5.41,100.34,26.0,88,40,1.0
20,hobart,AU,5.14,-42.88,147.33,6.0,81,75,3.6
21,tasiilaq,GL,7.0,65.61,-37.64,7.0,81,38,2.6
22,bluff,NZ,3.89,-46.6,168.33,3.89,83,96,1.34
23,potam,MX,36.08,27.6,-110.38,36.67,30,75,2.1
24,hilo,US,25.55,19.73,-155.09,28.0,58,90,2.6
25,ambulu,ID,22.42,-8.35,113.61,22.42,89,83,1.82
26,safford,US,31.0,32.83,-109.71,31.0,40,40,6.2
27,albany,US,29.21,42.6,-73.97,30.0,61,75,2.6
28,new norfolk,AU,4.77,-42.78,147.06,5.56,87,51,0.89
29,villa union,MX,32.38,23.2,-106.23,33.0,52,5,3.1
30,wahiawa,US,26.74,21.5,-158.02,28.0,69,18,3.1
31,port blair,IN,27.92,11.67,92.75,27.92,73,100,0.37
32,severo-kurilsk,RU,10.57,50.68,156.12,10.57,85,38,0.62
33,cidreira,BR,20.74,-30.18,-50.21,20.74,68,87,2.66
34,port hedland,AU,16.0,-20.32,118.57,16.0,51,0,3.6
35,tabou,CI,24.17,4.42,-7.35,24.17,86,100,5.17
36,saint-philippe,RE,13.91,-21.36,55.77,19.0,68,90,3.1
37,thinadhoo,MV,28.55,0.53,72.93,28.55,75,45,5.33
38,comodoro rivadavia,AR,4.0,-45.87,-67.5,4.0,80,40,1.5
39,uwajima,JP,24.37,33.22,132.56,24.37,88,97,0.45
40,pacific grove,US,20.8,36.62,-121.92,21.67,56,40,6.7
41,busselton,AU,13.45,-33.65,115.33,14.44,56,34,9.05
42,prachuap khiri khan,TH,26.13,11.82,99.78,26.13,81,83,2.32
43,rikitea,PF,19.64,-23.12,-134.97,19.64,58,100,6.04
44,kharp,RU,9.78,66.8,65.81,9.78,75,0,1.35
45,jamestown,US,26.25,42.1,-79.24,26.67,69,75,5.1
46,tambura,SS,19.64,5.6,27.47,19.64,97,100,1.55
47,bereda,ES,20.13,43.27,-7.54,21.11,89,0,3.13
48,mayo,US,30.44,38.89,-76.51,32.0,70,1,5.1
49,norman wells,CA,14.0,65.28,-126.83,14.0,76,90,6.7
50,arkhara,RU,16.47,49.42,130.08,16.47,84,100,1.23
51,le mars,US,27.72,42.79,-96.17,28.33,45,1,3.6
52,hithadhoo,MV,28.67,-0.6,73.08,28.67,72,73,2.78
53,mar del plata,AR,9.85,-38.0,-57.56,10.0,93,90,11.8
54,atuona,PF,26.49,-9.8,-139.03,26.49,73,0,7.93
55,constitucion,CL,12.34,-35.33,-72.42,12.34,67,26,2.09
56,inhambupe,BR,21.67,-11.78,-38.35,21.67,89,85,3.34
57,mizque,BO,23.6,-17.94,-65.34,23.6,36,2,4.59
58,mahebourg,MU,21.0,-20.41,57.7,21.0,52,75,7.2
59,kieta,PG,25.82,-6.22,155.63,25.82,79,77,2.4
60,souillac,MU,21.0,-20.52,57.52,21.0,52,75,7.2
61,castro,BR,19.94,-24.79,-50.01,19.94,65,96,0.96
62,musoma,TZ,22.0,-1.5,33.8,22.0,88,5,2.21
63,hit,IQ,31.74,33.64,42.83,31.74,20,0,0.38
64,thompson,CA,26.0,55.74,-97.86,26.0,47,75,4.6
65,tual,ID,26.53,-5.67,132.75,26.53,80,88,7.56
66,maine-soroa,NE,33.19,13.21,12.02,33.19,38,99,2.5
67,bethel,US,30.32,41.37,-73.41,31.0,58,40,5.1
68,faya,SA,21.99,18.39,42.45,24.0,88,34,1.05
69,sayyan,YE,20.16,15.17,44.32,20.16,50,79,1.77
70,sur,OM,29.24,22.57,59.53,29.24,71,66,8.71
71,saint george,US,36.36,37.1,-113.58,36.67,18,20,2.6
72,ushuaia,AR,2.0,-54.8,-68.3,2.0,59,90,4.1
73,banda aceh,ID,25.44,5.56,95.32,25.44,82,100,3.99
74,synya,RU,16.38,65.37,58.04,16.38,67,0,2.03
75,dikson,RU,4.48,73.51,80.55,4.48,93,16,3.03
76,vanavara,RU,10.58,60.34,102.28,10.58,88,20,1.76
77,san juan tepa,MX,25.61,20.22,-99.07,25.61,32,42,5.03
78,ribeira grande,PT,23.0,38.52,-28.7,23.0,69,40,2.1
79,mataura,NZ,3.89,-46.19,168.86,3.89,83,92,1.34
80,revda,RU,18.0,56.8,59.93,18.0,72,100,4.0
81,qaanaaq,GL,9.04,77.48,-69.36,9.04,52,0,0.64
82,avarua,CK,25.0,-21.21,-159.78,25.0,88,8,6.2
83,bahia blanca,AR,7.0,-38.72,-62.27,7.0,100,90,12.9
84,upernavik,GL,8.88,72.79,-56.15,8.88,65,0,5.66
85,bambous virieux,MU,19.74,-20.34,57.76,21.0,52,75,7.2
86,esperance,AU,14.0,-33.87,121.9,14.0,54,75,9.8
87,kathu,TH,27.22,7.92,98.33,28.89,100,40,0.5
88,barabai,ID,23.09,-2.58,115.38,23.09,95,100,0.53
89,leningradskiy,RU,15.49,69.38,178.42,15.49,48,100,3.3
90,kloulklubed,PW,25.0,7.04,134.26,25.0,94,75,2.19
91,ilulissat,GL,13.0,69.22,-51.1,13.0,50,40,1.5
92,puerto ayora,EC,24.01,-0.74,-90.35,27.0,57,40,8.2
93,atyrau,KZ,23.0,47.12,51.88,23.0,69,40,3.0
94,hermanus,ZA,12.78,-34.42,19.23,12.78,94,0,1.55
95,aden,YE,30.3,12.78,45.04,30.3,69,0,4.76
96,klaksvik,FO,11.0,62.23,-6.59,11.0,76,100,2.1
97,portland,US,22.23,45.52,-122.68,23.89,64,90,1.5
98,vernon,CA,29.63,50.26,-119.27,30.56,35,1,3.1
99,victoria,HK,27.99,22.29,114.16,28.89,79,38,1.79
100,kaitangata,NZ,2.78,-46.28,169.85,2.78,74,55,2.24
101,san cristobal,VE,33.0,7.77,-72.22,33.0,41,40,8.2
102,coquimbo,CL,15.0,-29.95,-71.34,15.0,58,40,6.7
103,san policarpo,PH,27.68,12.18,125.51,27.68,77,16,1.55
104,krasnoborsk,RU,16.18,61.56,45.93,16.18,95,95,2.93
105,sioux lookout,CA,26.0,50.1,-91.92,26.0,39,75,3.6
106,kokomo,US,27.57,40.49,-86.13,28.33,88,75,3.1
107,statesboro,US,34.28,32.45,-81.78,35.0,41,75,2.6
108,tilichiki,RU,10.37,60.47,166.1,10.37,75,96,1.35
109,goderich,CA,25.13,43.75,-81.72,26.67,81,5,4.9
110,lebu,CL,11.91,-37.62,-73.65,11.91,74,22,0.38
111,ugoofaaru,MV,28.2,5.67,73.0,28.2,77,100,9.47
112,cape town,ZA,12.38,-33.93,18.42,13.33,93,0,1.5
113,yellowknife,CA,17.35,62.46,-114.35,17.78,100,90,3.6
114,mount isa,AU,11.0,-20.73,139.5,11.0,37,0,1.5
115,paka,MY,25.27,4.64,103.44,25.56,100,61,1.97
116,guerrero negro,MX,24.97,27.98,-114.06,24.97,55,8,5.8
117,nanortalik,GL,12.14,60.14,-45.24,12.14,62,100,6.66
118,noyabrsk,RU,10.26,63.2,75.45,10.26,75,64,5.88
119,oneonta,US,25.83,42.45,-75.06,26.67,80,84,1.96
120,luba,GQ,25.0,3.46,8.55,25.0,100,20,2.1
121,morehead,US,25.77,37.27,-87.18,27.0,65,75,5.7
122,christchurch,NZ,4.24,-43.53,172.63,5.0,86,56,1.5
123,baruun-urt,MN,21.76,46.68,113.28,21.76,44,72,4.58
124,trelew,AR,5.23,-43.25,-65.31,5.23,67,100,5.94
125,karasuk,RU,14.89,53.74,78.04,14.89,80,0,0.94
126,ngunguru,NZ,11.67,-35.62,174.5,11.67,3,4,3.13
127,kiruna,SE,8.0,67.86,20.23,8.0,93,100,5.1
128,palaikastron,GR,25.56,35.2,26.25,25.56,58,0,8.49
129,nome,US,11.18,64.5,-165.41,12.22,87,90,2.1
130,balad,IQ,31.94,34.02,44.15,31.94,18,0,1.34
131,kargil,IN,12.75,34.57,76.1,12.75,42,58,1.84
132,labuhan,ID,24.19,-6.88,112.21,24.19,86,42,3.48
133,cabo san lucas,MX,31.23,22.89,-109.91,33.89,65,20,5.7
134,saint anthony,US,19.38,45.02,-93.22,20.0,64,90,3.1
135,cascais,PT,22.31,38.7,-9.42,23.89,64,0,6.7
136,albania,AL,22.0,41.0,20.0,22.0,73,0,1.0
137,muros,ES,24.44,42.78,-9.06,24.44,66,0,2.68
138,barrow,US,4.0,71.29,-156.79,4.0,86,90,4.1
139,varberg,SE,14.44,57.11,12.25,14.44,80,0,6.71
140,port lincoln,AU,9.49,-34.73,135.87,9.49,83,1,4.28
141,teguldet,RU,8.87,57.31,88.17,8.87,98,85,2.08
142,carnarvon,AU,14.0,-24.87,113.63,14.0,100,0,3.1
143,raymond,US,22.03,43.9,-70.47,22.78,72,96,0.98
144,dingle,PH,24.8,11.0,122.67,24.8,87,73,1.82
145,avera,US,33.8,33.19,-82.53,35.0,44,1,4.1
146,lasa,IT,15.74,46.62,10.7,17.22,100,20,1.5
147,turukhansk,RU,13.02,65.82,87.98,13.02,69,100,4.83
148,burns lake,CA,19.29,54.23,-125.75,19.29,43,86,2.12
149,amahai,ID,24.83,-3.33,128.92,24.83,86,53,3.65
150,oskemen,KZ,10.0,49.96,82.61,10.0,87,71,2.0
151,kardamaina,GR,25.0,36.78,27.14,25.0,69,0,6.2
152,evensk,RU,13.81,61.95,159.23,13.81,66,0,0.36
153,kandrian,PG,25.03,-6.22,149.55,25.03,88,68,3.79
154,honningsvag,NO,9.0,70.98,25.97,9.0,93,75,4.6
155,stromness,GB,12.87,58.97,-3.3,13.0,87,63,5.7
156,hoi an,VN,26.0,15.88,108.33,26.0,83,20,0.5
157,san patricio,MX,33.0,19.22,-104.7,33.0,70,75,7.7
158,nikolskoye,RU,14.81,59.7,30.79,15.56,72,40,3.0
159,lagoa,PT,21.09,39.05,-27.98,21.09,70,0,1.25
160,arraial do cabo,BR,25.09,-22.97,-42.03,28.0,88,0,4.1
161,arbazh,RU,14.98,57.68,48.31,14.98,91,25,0.7
162,provideniya,RU,7.0,64.38,-173.3,7.0,87,90,4.0
163,moose jaw,CA,29.0,50.4,-105.53,29.0,51,20,7.7
164,rio grande,BR,23.17,-32.03,-52.1,23.33,83,100,2.6
165,fallon,US,32.1,39.47,-118.78,32.22,22,75,6.2
166,sterling,US,22.72,39.01,-77.43,23.0,94,90,3.1
167,launceston,AU,-0.6,-41.45,147.17,0.0,84,0,0.4
168,parabel,RU,8.79,58.7,81.48,8.79,79,90,3.74
169,sulangan,PH,28.7,11.14,123.72,28.7,76,36,3.49
170,vaini,TO,20.0,-21.2,-175.2,20.0,88,40,1.5
171,vestmannaeyjar,IS,13.0,63.44,-20.27,13.0,82,40,2.1
172,estrela,BR,18.44,-28.06,-50.94,18.44,80,100,0.79
173,verkhoshizhemye,RU,14.72,58.01,49.1,14.72,95,55,0.39
174,kismayo,SO,25.15,-0.36,42.55,25.15,75,84,9.17
175,vardo,NO,9.0,70.37,31.11,9.0,100,90,12.3
176,saryozek,KZ,20.47,44.36,77.98,20.47,45,53,3.01
177,aklavik,CA,10.0,68.22,-135.01,10.0,61,75,2.6
178,pevek,RU,11.69,69.7,170.31,11.69,49,100,4.94
179,jalu,LY,26.5,29.03,21.55,26.5,52,0,8.58
180,trebinje,BA,24.0,42.71,18.34,24.0,69,0,2.6
181,belmonte,BR,24.0,-15.86,-38.88,24.0,57,0,2.6
182,kisangani,CD,23.12,0.52,25.2,23.12,75,99,0.73
183,clyde river,CA,8.0,70.47,-68.59,8.0,81,90,1.0
184,peniche,PT,18.32,39.36,-9.38,18.89,93,0,1.34
185,calama,CL,18.0,-22.47,-68.93,18.0,7,0,8.2
186,klichka,RU,16.22,50.45,118.0,16.22,76,43,1.02
187,amurzet,RU,17.19,47.7,131.1,17.19,86,4,0.98
188,mozarlandia,BR,33.18,-14.74,-50.57,33.18,23,0,1.38
189,najran,SA,34.0,17.49,44.13,34.0,13,40,2.1
190,strezhevoy,RU,11.0,60.73,77.59,11.0,87,98,2.0
191,vao,NC,19.65,-22.67,167.48,19.65,73,100,8.29
192,codrington,AU,8.55,-38.27,141.97,8.55,79,100,1.82
193,jiayuguan,CN,20.2,39.82,98.3,20.2,50,100,5.95
194,beloslav,BG,21.2,43.18,27.7,22.0,68,0,1.24
195,presidencia roque saenz pena,AR,24.25,-26.79,-60.44,24.25,53,23,4.06
196,shingu,JP,22.88,33.73,135.98,22.88,89,100,1.42
197,butembo,CD,14.86,0.15,29.28,14.86,98,100,0.78
198,carnot,CF,21.41,4.94,15.87,21.41,88,84,1.09
199,weligama,LK,25.84,5.97,80.42,25.84,88,89,1.82
200,nantucket,US,23.0,41.28,-70.1,23.0,94,90,4.1
201,kangaatsiaq,GL,10.13,68.31,-53.46,10.13,68,62,5.09
202,mullheim,DE,22.61,47.81,7.63,23.33,58,9,1.34
203,ribas do rio pardo,BR,31.02,-20.44,-53.76,31.02,22,100,2.37
204,sechura,PE,24.25,-5.56,-80.82,24.25,53,7,6.72
205,alvaro obregon,MX,24.06,19.37,-99.22,26.0,31,40,2.1
206,mana,GF,28.34,5.66,-53.78,28.34,74,71,4.01
207,asau,RO,16.67,46.43,26.4,16.67,96,99,1.13
208,seoul,KR,22.0,37.57,126.98,22.0,94,90,0.46
209,tiksi,RU,10.39,71.69,128.87,10.39,82,57,1.24
210,edd,ER,31.63,13.93,41.69,31.63,62,100,1.2
211,airai,TL,11.92,-8.93,125.41,11.92,61,100,1.7
212,isiro,CD,19.84,2.77,27.62,19.84,96,100,0.29
213,hami,CN,27.62,42.8,93.45,27.62,26,100,3.65
214,ketchikan,US,16.6,55.34,-131.65,17.0,72,75,5.1
215,flinders,AU,7.69,-34.58,150.86,8.33,86,9,0.89
216,chiredzi,ZW,14.92,-21.05,31.67,14.92,52,0,2.3
217,chapais,CA,23.0,49.78,-74.85,23.0,43,1,1.5
218,varanasi,IN,28.69,25.33,83.0,28.69,75,35,2.01
219,corinto,GR,25.56,37.94,22.96,25.56,41,0,3.03
220,penzance,GB,16.63,50.12,-5.54,17.22,72,40,3.1
221,talnakh,RU,11.0,69.49,88.4,11.0,87,0,10.0
222,payson,US,17.73,40.04,-111.73,19.0,72,90,6.2
223,vanimo,PG,25.13,-2.67,141.3,25.13,85,3,2.01
224,touros,BR,26.0,-5.2,-35.46,26.0,74,75,5.1
225,alta floresta,BR,36.0,-9.88,-56.09,36.0,23,0,1.5
226,san andres,CO,31.0,12.58,-81.7,31.0,74,75,5.1
227,richards bay,ZA,16.27,-28.78,32.04,16.27,84,0,3.09
228,macomb,US,27.79,40.46,-90.67,28.33,69,40,3.6
229,kavieng,PG,27.89,-2.57,150.8,27.89,76,14,6.14
230,saldanha,ZA,13.0,-33.01,17.94,13.0,87,0,4.1
231,tucupita,VE,27.6,9.06,-62.05,27.6,87,46,2.54
232,kargasok,RU,10.19,59.06,80.86,10.19,77,99,3.83
233,aykhal,RU,13.0,66.0,111.5,13.0,93,90,4.0
234,maniitsoq,GL,12.75,65.42,-52.9,12.75,74,1,4.84
235,nigran,ES,23.85,42.14,-8.81,26.0,61,0,1.0
236,troitsko-pechorsk,RU,15.75,62.71,56.2,15.75,72,79,2.37
237,saskylakh,RU,7.12,71.92,114.08,7.12,94,100,6.5
238,nicoya,CR,30.0,10.15,-85.45,30.0,74,75,4.1
239,kitoy,RU,16.0,52.6,103.9,16.0,100,90,2.0
240,catuday,PH,27.89,16.29,119.81,27.89,79,1,2.07
241,sao filipe,CV,25.86,14.9,-24.5,25.86,84,99,3.74
242,agirish,RU,16.32,61.92,63.02,16.32,75,0,2.47
243,westport,US,29.92,41.14,-73.36,31.67,78,1,4.6
244,east london,ZA,17.78,-33.02,27.91,17.78,67,0,2.52
245,nioro,GM,27.83,13.35,-15.75,27.83,76,80,3.49
246,pochutla,MX,30.0,15.74,-96.47,30.0,66,75,5.1
247,ayakudi,IN,26.07,10.45,77.55,26.07,76,100,0.78
248,kayes,ML,31.65,14.0,-11.0,31.65,52,100,2.38
249,half moon bay,US,21.25,37.46,-122.43,22.22,68,5,3.1
250,wlingi,ID,21.21,-8.08,112.33,21.21,92,91,1.95
251,chumikan,RU,10.2,54.72,135.31,10.2,95,100,2.25
252,mamallapuram,IN,29.0,12.63,80.17,29.0,83,40,3.1
253,namatanai,PG,25.98,-3.67,152.43,25.98,80,80,3.56
254,golden,US,31.97,39.76,-105.22,34.44,19,75,3.6
255,imeni poliny osipenko,RU,11.75,52.42,136.49,11.75,95,89,4.15
256,praia da vitoria,PT,23.0,38.73,-27.07,23.0,64,40,1.86
257,santa maria,BR,29.0,-29.68,-53.81,29.0,42,100,3.6
258,laguna,US,27.12,38.42,-121.42,28.33,39,1,5.7
259,kolyvan,RU,10.0,55.31,82.74,10.0,100,11,2.0
260,mount gambier,AU,7.0,-37.83,140.77,7.0,93,90,3.1
261,tuktoyaktuk,CA,7.0,69.45,-133.04,7.0,81,75,4.6
262,paso de carrasco,UY,17.2,-34.86,-56.05,19.0,100,75,3.1
263,iqaluit,CA,8.94,63.75,-68.51,9.0,87,90,1.0
264,lindi,TZ,21.0,-10.0,39.72,21.0,88,20,5.1
265,namibe,AO,19.0,-15.2,12.15,19.0,74,0,1.41
266,kovdor,RU,14.87,67.57,30.48,14.87,90,80,2.92
267,khani,GE,21.0,41.96,42.96,21.0,94,75,1.0
268,batticaloa,LK,26.73,7.71,81.69,26.73,81,100,5.19
269,frederikshavn,DK,13.89,57.44,10.54,14.44,76,0,7.7
270,grand gaube,MU,18.33,-20.01,57.66,18.33,72,71,0.89
271,makakilo city,US,27.0,21.35,-158.09,28.0,69,1,4.6
272,prince rupert,CA,14.0,54.32,-130.32,14.0,87,90,2.1
273,lata,PT,24.32,40.16,-8.33,26.11,45,0,1.79
274,torbay,CA,22.73,47.67,-52.73,23.33,49,75,8.7
275,tuatapere,NZ,3.89,-46.13,167.68,3.89,83,96,1.34
276,bonavista,CA,19.03,48.65,-53.11,19.03,61,94,1.51
277,hasaki,JP,22.49,35.73,140.83,23.0,94,75,0.5
278,petropavlovsk-kamchatskiy,RU,10.0,53.05,158.65,10.0,93,42,3.0
279,northam,GB,15.19,51.03,-4.22,16.11,87,41,2.24
280,majene,ID,25.6,-3.54,118.97,25.6,88,99,6.28
281,acajutla,SV,27.22,13.59,-89.83,27.22,87,100,2.69
282,sukabumi,ID,21.67,-6.92,106.93,21.67,100,88,0.63
283,manadhoo,MV,27.87,5.77,73.38,27.87,79,97,8.18
284,skelleftea,SE,12.14,64.75,20.95,12.22,93,100,4.6
285,taoudenni,ML,42.01,22.68,-3.98,42.01,14,31,4.08
286,rawson,AR,5.49,-43.3,-65.1,5.49,67,100,6.31
287,tobane,BW,11.29,-21.95,27.9,11.29,57,0,2.1
288,dunedin,NZ,3.28,-45.87,170.5,3.89,76,3,3.58
289,mitsamiouli,KM,24.59,-11.38,43.28,24.59,63,79,3.12
290,mehamn,NO,9.0,71.04,27.85,9.0,100,90,3.6
291,gribanovskiy,RU,20.0,51.46,41.98,20.0,75,0,4.95
292,lorengau,PG,28.07,-2.02,147.27,28.07,76,39,3.42
293,antalaha,MG,18.95,-14.9,50.28,18.95,79,95,4.83
294,beringovskiy,RU,9.0,63.05,179.32,9.0,80,0,2.51
295,pangoa,PE,28.85,-12.12,-73.0,28.85,52,13,1.85
296,petropavlovskoye,RU,13.48,52.07,84.11,13.48,86,25,1.31
297,sampit,ID,23.22,-2.53,112.95,23.22,98,100,0.78
298,yuli,NG,24.35,9.7,10.27,24.35,87,99,3.22
299,basco,PH,29.55,20.45,121.97,29.55,80,43,5.03
300,la romana,DO,32.0,18.43,-68.97,32.0,62,40,6.2
301,katangli,RU,9.91,51.71,143.23,9.91,95,100,4.9
302,sayat,TM,29.0,38.78,63.88,29.0,39,0,2.1
303,am timan,TD,22.96,11.03,20.28,22.96,92,100,4.56
304,russellville,US,28.24,35.28,-93.13,28.89,74,20,3.1
305,dalnegorsk,RU,17.22,44.56,135.57,17.22,88,99,0.5
306,nemuro,JP,15.42,43.32,145.57,15.42,98,100,5.11
307,paragominas,BR,30.64,-2.97,-47.48,30.64,53,10,1.38
308,lazaro cardenas,MX,29.99,17.96,-102.2,29.99,69,94,2.13
309,lavrentiya,RU,10.4,65.58,-171.0,10.4,57,0,1.46
310,barra do garcas,BR,31.37,-15.89,-52.26,31.37,24,0,0.26
311,bathsheba,BB,31.0,13.22,-59.52,31.0,55,40,7.2
312,naliya,IN,29.14,23.27,68.83,29.14,78,36,7.0
313,dicabisagan,PH,26.78,17.08,122.42,26.78,80,1,1.33
314,bilibino,RU,21.16,68.05,166.44,21.16,41,99,1.92
315,kodiak,US,18.0,57.79,-152.41,18.0,48,1,8.2
316,miguelopolis,BR,23.0,-20.18,-48.03,23.0,27,8,3.1
317,whitehorse,CA,14.43,60.72,-135.05,15.0,77,75,1.0
318,anito,PH,26.25,12.45,125.29,26.25,83,2,1.7
319,pangnirtung,CA,10.0,66.15,-65.71,10.0,87,90,6.2
320,moundou,TD,23.34,8.57,16.08,23.34,89,64,1.72
321,shelby,US,28.85,35.2,-89.87,30.56,83,75,4.1
322,maralal,KE,16.56,1.1,36.7,16.56,85,81,0.88
323,longyearbyen,SJ,9.0,78.22,15.64,9.0,76,75,6.2
324,samoylovka,RU,17.78,51.18,43.71,17.78,86,2,3.75
325,zhaotong,CN,16.76,27.32,103.72,16.76,92,100,1.87
326,dzhuryn,UA,13.99,49.03,25.58,13.99,85,0,1.61
327,narsaq,GL,19.0,60.92,-46.05,19.0,25,15,12.9
328,dhidhdhoo,MV,27.94,6.88,73.1,27.94,78,100,6.57
329,takoradi,GH,24.05,4.88,-1.76,24.05,89,92,4.22
330,oranjemund,NA,15.58,-28.55,16.43,15.58,68,0,2.6
331,houlton,US,26.23,46.13,-67.84,27.22,39,40,3.6
332,suba,PH,28.79,10.84,121.01,28.79,72,34,1.42
333,san rafael del sur,NI,32.0,11.85,-86.44,32.0,55,75,3.1
334,bardiyah,LY,23.16,31.76,25.09,23.16,83,0,4.51
335,port elizabeth,ZA,15.0,-33.92,25.57,15.0,100,0,2.6
336,biloela,AU,13.81,-24.42,150.5,13.81,88,100,3.97
337,morondava,MG,21.43,-20.28,44.28,21.43,62,0,5.49
338,palmer,US,29.23,42.16,-72.33,30.0,55,75,1.5
339,fairbanks,US,13.48,64.84,-147.72,14.44,82,90,1.5
340,salto del guaira,PY,25.56,-24.06,-54.31,25.56,51,20,2.1
341,yangambi,CD,24.03,0.81,24.43,24.03,76,100,0.89
342,turayf,SA,33.0,31.67,38.66,33.0,21,0,3.1
343,cabo rojo,PR,30.1,18.09,-67.15,31.67,66,50,2.68
344,thyboron,DK,12.78,56.7,8.21,12.78,85,4,7.57
345,simao,CN,17.69,22.79,100.97,17.69,95,65,1.09
346,shimoda,JP,21.11,34.67,138.95,21.11,94,100,2.12
347,lisakovsk,KZ,17.79,52.54,62.49,17.79,81,100,5.86
348,la ronge,CA,25.0,55.1,-105.28,25.0,61,75,3.6
349,huilong,CN,29.6,31.81,121.66,30.56,81,91,4.8
350,srednekolymsk,RU,23.26,67.45,153.68,23.26,38,100,3.17
351,saraza,PH,26.37,8.74,117.78,26.37,80,97,2.41
352,nyurba,RU,13.43,63.28,118.33,13.43,90,84,2.64
353,puerto maldonado,PE,31.0,-12.6,-69.18,31.0,66,75,1.0
354,haimen,CN,28.0,23.19,116.61,28.0,88,75,1.0
355,yulara,AU,5.0,-25.24,130.99,5.0,80,0,3.6
356,luderitz,NA,13.0,-26.65,15.16,13.0,87,0,1.0
357,acarau,BR,27.02,-2.89,-40.12,27.02,66,4,7.02
358,nouadhibou,MR,23.0,20.93,-17.03,23.0,78,7,7.7
359,tombouctou,ML,39.69,20.0,-3.0,39.69,19,6,3.76
360,pisco,PE,19.43,-13.7,-76.22,20.0,72,0,3.1
361,vysha,RU,14.77,53.85,42.38,14.77,97,1,2.34
362,alofi,NU,24.0,-19.06,-169.92,24.0,94,75,3.6
363,soubre,CI,22.49,5.79,-6.61,22.49,96,100,2.17
364,kaeo,NZ,11.67,-35.1,173.78,11.67,3,0,3.13
365,siguiri,GN,24.07,11.67,-9.5,24.07,90,100,1.42
366,mindelo,CV,27.0,16.89,-24.98,27.0,78,75,6.2
367,teknaf,BD,26.74,20.86,92.31,26.74,87,100,3.8
368,walvis bay,NA,19.78,-22.96,14.51,22.0,31,0,5.1
369,kahului,US,28.25,20.89,-156.47,32.0,49,40,7.2
370,fortuna,US,16.63,40.6,-124.16,17.0,77,40,4.1
371,tiarei,PF,28.0,-17.53,-149.33,28.0,61,20,2.1
372,ailigandi,PA,28.36,9.23,-78.02,28.36,74,100,3.2
373,xique-xique,BR,27.91,-10.82,-42.73,27.91,45,1,6.1
374,novobirilyussy,RU,9.04,56.95,90.67,9.04,98,5,2.47
375,ladario,BR,32.42,-19.0,-57.6,33.0,27,0,5.7
376,itarema,BR,26.7,-2.92,-39.92,26.7,67,6,6.84
377,pemangkat,ID,24.33,1.17,108.97,24.33,91,71,2.19
378,kerman,IR,23.0,30.28,57.08,23.0,16,0,2.1
379,hamilton,US,22.64,39.18,-84.53,23.0,100,75,1.5
380,abu samrah,SY,24.07,35.3,37.18,24.07,50,0,3.83
381,margate,GB,17.22,51.38,1.39,17.22,63,9,0.89
382,doba,TD,23.68,8.65,16.85,23.68,83,47,1.63
383,marquette,US,14.72,46.53,-87.63,15.56,96,100,3.15
384,vilyuysk,RU,12.79,63.76,121.62,12.79,93,0,2.33
385,garmsar,IR,30.6,35.22,52.34,30.6,20,0,4.06
386,melfi,IT,26.3,41.0,15.65,27.0,51,5,1.5
387,zhigalovo,RU,13.92,54.81,105.16,13.92,91,100,1.48
388,salalah,OM,27.0,17.02,54.09,27.0,88,75,4.1
389,leh,IN,13.43,34.17,77.58,13.43,37,52,2.2
390,caidian,CN,28.0,30.58,114.03,28.0,88,68,1.0
391,nador,MA,25.0,35.17,-2.93,25.0,83,0,1.5
392,pasni,PK,29.22,25.26,63.47,29.22,79,0,4.67
393,coos bay,US,20.16,43.37,-124.22,24.44,77,1,8.7
394,russkaya polyana,UA,15.53,49.42,31.92,15.53,75,0,3.16
395,quesnel,CA,22.0,53.0,-122.5,22.0,49,1,1.5
396,kenai,US,13.96,60.55,-151.26,14.0,82,90,5.14
397,port augusta,AU,0.0,-32.5,137.77,0.0,85,90,2.1
398,lukovetskiy,RU,17.0,64.3,41.92,17.0,93,75,5.0
399,zonguldak,TR,16.38,41.25,31.83,16.38,86,0,1.05
400,naze,JP,26.0,28.37,129.48,26.0,94,20,1.5
401,kasempa,ZM,14.22,-13.46,25.83,14.22,51,35,2.56
402,dejen,ET,12.72,10.17,38.13,12.72,100,100,2.15
403,olafsvik,IS,9.83,64.89,-23.71,9.83,68,15,4.03
404,mykhaylivka,UA,18.33,47.27,35.22,20.0,59,34,2.0
405,manjakandriana,MG,11.0,-18.92,47.8,11.0,93,75,3.6
406,gorontalo,ID,24.44,0.54,123.06,24.44,88,92,1.55
407,virginia beach,US,35.89,36.85,-75.98,36.67,44,75,7.2
408,biak,ID,24.81,-0.91,122.88,24.81,84,60,2.51
409,hovd,MN,16.87,48.01,91.64,16.87,66,9,2.12
410,saint-georges,GD,30.0,12.06,-61.75,30.0,70,20,6.7
411,necochea,AR,8.89,-38.55,-58.74,8.89,98,100,9.39
412,stornoway,GB,13.95,58.21,-6.39,14.0,93,85,2.6
413,san quintin,MX,22.35,30.48,-115.95,22.35,68,13,6.65
414,hualmay,PE,18.97,-11.1,-77.61,18.97,69,6,4.54
415,lompoc,US,18.25,34.64,-120.46,20.56,72,4,2.6
416,bushehr,IR,34.0,28.97,50.84,34.0,67,0,4.1
417,nampula,MZ,14.95,-15.12,39.27,14.95,91,58,1.86
418,los llanos de aridane,ES,23.0,28.66,-17.92,23.0,73,40,7.7
419,kampot,KH,26.0,10.62,104.18,26.0,88,40,1.0
420,broken hill,AU,4.0,-31.95,141.43,4.0,86,0,2.6
421,asfi,MA,22.56,32.3,-9.24,22.56,81,0,7.64
422,iralaya,HN,31.0,15.0,-83.23,31.0,74,75,4.1
423,pitimbu,BR,26.0,-7.47,-34.81,26.0,69,14,5.7
424,ostrovnoy,RU,15.53,68.05,39.51,15.53,77,24,3.95
425,tessalit,ML,35.07,20.2,1.01,35.07,23,18,1.18
426,doha,QA,36.76,25.29,51.53,37.22,56,0,3.6
427,candelaria,PH,25.56,13.93,121.42,25.56,96,2,1.44
428,bukachacha,RU,16.45,52.98,116.92,16.45,89,100,1.47
429,iskateley,RU,17.46,67.68,53.15,17.46,66,0,4.64
430,shache,CN,24.33,38.42,77.24,24.33,19,45,4.85
431,azanka,RU,15.44,58.04,64.79,15.44,76,35,2.62
432,plouzane,FR,17.35,48.38,-4.62,18.0,67,100,3.6
433,bengkulu,ID,23.66,-3.8,102.27,23.66,89,96,1.73
434,beloha,MG,15.85,-25.17,45.05,15.85,74,0,4.05
435,awjilah,LY,25.93,29.11,21.29,25.93,53,0,8.73
436,usinsk,RU,17.2,65.99,57.53,17.2,63,0,3.6
437,cayenne,GF,25.0,4.93,-52.33,25.0,94,95,2.6
438,marsh harbour,BS,29.06,26.54,-77.06,29.06,74,60,7.49
439,bubaque,GW,27.11,11.28,-15.83,27.11,82,98,4.4
440,hambantota,LK,26.64,6.12,81.12,26.64,84,92,4.52
441,seymchan,RU,17.8,62.88,152.43,17.8,56,66,3.01
442,gamboma,CG,27.76,-1.88,15.86,27.76,50,99,1.61
443,chake chake,TZ,24.14,-5.25,39.77,24.14,74,0,6.4
444,sitka,US,15.0,57.05,-135.33,15.0,77,90,2.1
445,baykit,RU,13.01,61.67,96.37,13.01,79,100,1.22
446,duvan,RU,15.43,55.7,57.9,15.43,91,100,2.85
447,erzin,TR,27.78,36.96,36.2,27.78,84,2,0.53
448,paamiut,GL,8.77,61.99,-49.67,8.77,81,95,6.16
449,bend,US,28.78,44.06,-121.32,30.0,20,1,3.6
450,lakatoro,VU,24.0,-16.1,167.42,24.0,69,75,2.1
451,haines junction,CA,17.72,60.75,-137.51,17.72,48,96,2.14
452,wilmington,US,33.9,34.23,-77.94,35.0,46,20,2.6
453,gap,FR,16.11,44.67,6.0,16.11,87,40,1.34
454,inuvik,CA,9.0,68.35,-133.72,9.0,70,75,4.1
455,santa isabel,BR,26.31,-23.32,-46.22,27.0,41,0,1.5
456,mandal,IN,29.21,25.45,74.57,29.21,63,9,3.26
457,marystown,CA,18.51,47.17,-55.15,18.51,66,100,7.88
458,puerto ayacucho,VE,29.0,5.66,-67.62,29.0,66,40,2.1
459,ixtapa,MX,31.61,20.7,-105.2,32.22,70,40,5.7
460,iquitos,PE,32.0,-3.75,-73.25,32.0,59,40,3.1
461,byron bay,AU,11.2,-28.65,153.62,12.0,81,75,3.6
462,vila velha,BR,25.26,-20.33,-40.29,26.11,69,0,5.1
463,sharjah,AE,32.92,25.36,55.4,33.0,52,0,7.2
464,isangel,VU,20.0,-19.55,169.27,20.0,72,2,2.1
465,general roca,AR,2.0,-39.03,-67.58,2.0,93,90,2.1
466,vilhena,BR,31.0,-12.74,-60.15,31.0,33,20,2.1
467,qunduz,AF,28.47,36.73,68.86,28.47,19,0,1.16
468,coihaique,CL,1.0,-45.58,-72.07,1.0,80,75,2.1
469,canavieiras,BR,22.52,-15.68,-38.95,22.52,69,0,2.41
470,krasnoselkup,RU,11.68,65.7,82.47,11.68,85,93,7.47
471,sabang,ID,27.2,5.89,95.32,27.2,80,100,5.82
472,bestobe,KZ,17.53,52.5,73.1,17.53,66,0,2.59
473,horki,BY,11.02,54.29,30.98,11.02,88,0,4.76
474,terrace,CA,15.0,54.52,-128.6,15.0,82,90,2.6
475,nagato,JP,24.21,34.38,131.2,25.0,94,75,1.0
476,muzhi,RU,11.18,65.37,64.67,11.18,72,0,3.28
477,yuzhno-kurilsk,RU,14.98,44.03,145.86,14.98,98,100,3.65
478,aswan,EG,32.46,24.09,32.91,32.46,17,1,5.79
479,buala,SB,26.56,-8.14,159.59,26.56,82,58,4.11
480,laurinburg,US,35.38,34.77,-79.46,36.0,41,20,3.6
481,gisborne,NZ,12.78,-38.65,178.0,12.78,48,0,2.24
482,cherskiy,RU,21.38,68.75,161.3,21.38,42,100,4.66
483,sistranda,NO,10.77,63.73,8.83,11.0,76,40,6.7
484,wuchi,CN,15.56,29.38,103.02,15.56,99,100,0.33
485,yaan,NG,23.84,7.38,8.57,23.84,91,82,2.61
486,tautira,PF,28.0,-17.73,-149.15,28.0,61,20,2.1
487,puerto escondido,MX,30.0,15.85,-97.07,30.0,70,40,5.1
488,george town,MY,25.36,5.41,100.34,26.0,88,40,1.0
489,abu kamal,SY,32.92,34.45,40.92,32.92,17,0,4.97
490,malkangiri,IN,26.31,18.35,81.9,26.31,85,100,1.05
491,porto novo,BJ,25.0,6.5,2.6,25.0,88,20,4.1
492,katsuura,JP,24.01,35.13,140.3,25.0,88,99,0.89
493,alice springs,AU,1.0,-23.7,133.88,1.0,74,0,2.1
494,sao felix do xingu,BR,33.86,-6.64,-51.99,33.86,30,0,1.73
495,eenhana,NA,16.0,-17.47,16.33,16.0,35,0,1.0
496,gat,IL,24.42,31.61,34.76,26.67,63,0,0.96
497,sungaipenuh,ID,17.38,-2.08,101.38,17.38,95,99,0.85
498,solnechnyy,RU,15.53,50.72,136.63,15.53,94,100,2.18
499,udachnyy,RU,13.0,66.42,112.4,13.0,93,90,4.0
500,sambava,MG,19.4,-14.27,50.17,19.4,78,82,7.29
501,juiz de fora,BR,23.0,-21.76,-43.35,23.0,53,0,4.1
502,bandarbeyla,SO,25.28,9.49,50.81,25.28,77,27,13.6
503,pundaguitan,PH,28.3,6.37,126.17,28.3,73,100,3.61
504,burnie,AU,6.11,-41.07,145.92,6.11,85,15,0.89
505,lafia,NG,25.14,8.48,8.52,25.14,81,98,1.98
506,sawtell,AU,9.39,-30.38,153.1,10.0,93,40,2.6
507,bairiki,KI,28.0,1.33,172.98,28.0,74,20,5.7
508,cobija,BO,33.0,-11.03,-68.77,33.0,37,89,1.57
509,pouebo,NC,18.98,-20.4,164.57,18.98,80,53,6.31
510,vaitape,PF,25.53,-16.52,-151.75,25.53,79,49,8.62
511,sajanan,TN,27.67,37.06,9.24,30.0,35,0,5.7
512,lerwick,GB,13.0,60.15,-1.15,13.0,87,60,4.1
513,carmen,MX,31.0,18.63,-91.83,31.0,66,40,2.6
514,beroroha,MG,17.03,-21.67,45.17,17.03,63,1,3.17
515,chuka,KE,18.14,-0.33,37.65,18.14,71,100,1.82
516,shahpura,IN,29.0,27.38,75.97,29.0,79,40,0.27
517,kuantan,MY,25.0,3.81,103.33,25.0,88,20,1.78
518,tiznit,MA,27.4,29.58,-9.5,27.4,41,0,1.01
519,diffa,NE,31.55,13.32,12.61,31.55,46,100,2.94
520,havoysund,NO,8.51,71.0,24.66,9.0,93,75,4.6
521,paciran,ID,24.32,-6.88,112.38,24.32,86,46,3.03
522,hobyo,SO,25.3,5.35,48.53,25.3,75,30,12.44
523,broome,US,25.1,42.25,-75.83,26.0,74,75,2.1
524,inyonga,TZ,19.32,-6.72,32.07,19.32,48,5,2.05
525,pabrade,LT,11.09,55.0,25.78,11.67,87,0,3.1
526,kruisfontein,ZA,13.31,-34.0,24.73,13.31,59,0,2.04
527,davila,PH,27.91,18.47,120.58,27.91,82,64,2.46
528,acari,PE,21.41,-15.43,-74.62,21.41,48,2,4.07
529,luganville,VU,24.0,-15.53,167.17,24.0,69,75,2.1
530,bundaberg,AU,15.0,-24.85,152.35,15.0,93,75,4.1
531,tura,IN,23.43,25.52,90.22,23.43,97,100,1.7
532,san martin,AR,8.0,-33.08,-68.47,8.0,70,75,3.1
533,valer,NO,12.75,60.68,11.83,14.0,54,46,0.5
534,dabakala,CI,24.28,8.37,-4.43,24.28,88,18,1.82
535,ambovombe,MG,17.55,-25.17,46.08,17.55,66,3,4.99
536,shush,IR,34.63,32.19,48.24,34.63,11,0,1.65
537,zhangjiakou,CN,19.44,40.81,114.88,19.44,68,0,1.49
538,mahibadhoo,MV,28.39,3.78,72.97,28.39,76,72,8.68
539,bowen,AU,16.79,-20.02,148.23,17.22,93,90,2.1
540,raudeberg,NO,10.47,61.99,5.14,12.0,71,40,4.1
541,ahipara,NZ,13.89,-35.17,173.17,13.89,76,22,6.57
542,marechal deodoro,BR,24.0,-9.71,-35.9,24.0,78,75,2.1
543,reconquista,AR,18.66,-29.15,-59.65,18.66,79,100,4.21
544,maple creek,CA,32.46,49.92,-109.48,32.46,27,0,6.11
545,meadow lake,US,26.54,34.8,-106.54,29.0,50,40,7.2
546,marzuq,YE,28.26,14.4,46.47,28.26,52,0,2.86
547,sorong,ID,25.42,-0.88,131.25,25.42,85,33,4.63
548,mahajanga,MG,21.0,-15.72,46.32,21.0,56,20,3.6
549,bacsay,PH,25.28,15.65,120.33,25.28,83,0,0.67
550,mpulungu,ZM,23.26,-8.76,31.11,23.26,44,16,3.13
551,xixiang,CN,23.89,35.16,112.86,23.89,1,83,1.57
552,rio branco do sul,BR,21.22,-25.19,-49.31,23.89,46,68,1.0
553,chor,PK,31.95,25.52,69.77,31.95,61,87,9.27
554,olenino,RU,11.17,56.21,33.49,11.17,81,7,3.73
